model,protocol,arm,n_collections,mean_pairwise_jaccard,set_flip_rate_10_order_only,reference_order_f1,reference_order_precision,reference_order_recall,reference_order_retention
Qwen3-1.7B,f1_tuned,base,18,0.5462900832904299,0.551952089371569,0.25223038581257207,0.218215417847966,0.5468384708865588,0.4760465994656381
Qwen3-1.7B,matched_retention,base,18,0.23115227221757323,0.9323178937709827,0.24123803398790086,0.313369217113811,0.28879135064386935,0.13447204996120943
Qwen3-1.7B,f1_tuned,k10sft,18,0.6598166182825576,0.6710796938089592,0.37573551227498986,0.35065445963944447,0.5351553037951317,0.20910009021712897
Qwen3-1.7B,matched_retention,k10sft,18,0.6824877496707905,0.6313458082745999,0.3718842466207264,0.33576520012296307,0.5755618987258176,0.2558778288476355
Qwen3-1.7B,f1_tuned,k1sft,18,0.4124887686835735,0.8738894502035074,0.3172224193229074,0.284078757400851,0.495862142780425,0.25388455862283105
Qwen3-1.7B,matched_retention,k1sft,18,0.4124887686835735,0.8738894502035074,0.3172224193229074,0.284078757400851,0.495862142780425,0.25388455862283105
Qwen3-1.7B,f1_tuned,supcon,18,0.7810788154883146,0.48273385000568125,0.376056386032902,0.34223485012146554,0.5635617570573215,0.23914118423729885
Qwen3-1.7B,matched_retention,supcon,18,0.791133436057624,0.4796536314091152,0.3637483879345504,0.3424819468701853,0.5458009368104209,0.24449661701374514
Qwen3-4B,f1_tuned,base,18,0.43891248058968224,0.8673757824247309,0.3571251806515418,0.33760181376684606,0.5019459194492104,0.19872114235741198
Qwen3-4B,matched_retention,base,18,0.4798075218181673,0.9188706066373626,0.3221090863512916,0.3161938519070264,0.45920971637153074,0.16889503072944148
Qwen3-4B,f1_tuned,debiasfirst,18,0.752429228417382,0.5262183366192965,0.4045776376462507,0.3847193173774789,0.5627597390324792,0.19875494709507166
Qwen3-4B,matched_retention,debiasfirst,18,0.7543404994311806,0.5310791433952349,0.40320513820538906,0.3842812336895101,0.5681012804535528,0.19623232189046183
Qwen3-4B,f1_tuned,k10sft,18,0.738161126196259,0.5528665195441621,0.4060879625320392,0.382364914642104,0.5745879116588157,0.20084949650740258
Qwen3-4B,matched_retention,k10sft,18,0.7436659606387637,0.5429905468660203,0.4083796810286516,0.38510118725711945,0.5785602125539441,0.200627648461513
Qwen3-4B,f1_tuned,k1sft,18,0.6619875644791351,0.660656562694319,0.40296991750545963,0.3804761666569036,0.5657752941390645,0.19477128712856293
Qwen3-4B,matched_retention,k1sft,18,0.6619875644791351,0.660656562694319,0.40296991750545963,0.3804761666569036,0.5657752941390645,0.19477128712856293
Qwen3-4B,f1_tuned,posaug,18,0.7623455035848598,0.5137818002040775,0.4008575301271049,0.38505153787118857,0.5588115175696856,0.20076130735723752
Qwen3-4B,matched_retention,posaug,18,0.7630684675807914,0.5178546191495562,0.4004104044094164,0.3830859168584412,0.5590127620466889,0.19422581971421096
Qwen3-4B,f1_tuned,supcon,18,0.8310207251323791,0.38547333011242846,0.40456584325290623,0.3898785581612547,0.5586998994310652,0.1966810620551664
Qwen3-4B,matched_retention,supcon,18,0.8350912254445073,0.3855629653699702,0.4052871411161154,0.3901761280942122,0.5664187984203335,0.1970617128613753
Qwen3-8B,f1_tuned,base,18,0.39591448660593376,0.8396855218202037,0.3282597256220376,0.3335746484986032,0.44765808160052994,0.23032520443938498
Qwen3-8B,matched_retention,base,18,0.3294260365820305,0.9374182009546437,0.31623723321334335,0.3372364444830786,0.3906474637250423,0.15315880605469706
Qwen3-8B,f1_tuned,k10sft,18,0.7367992940628447,0.5726215106949154,0.41337477141094237,0.3963901997322367,0.5573463341620644,0.2052914543181662
Qwen3-8B,matched_retention,k10sft,18,0.7336088246445857,0.5704235109754958,0.4120683707982713,0.4117199683130073,0.5206430584068763,0.18210401866895687
Qwen3-8B,f1_tuned,k1sft,18,0.5960615117244638,0.7447443400565456,0.393919536288982,0.39181437731504015,0.5001158398481709,0.1845852054070694
Qwen3-8B,matched_retention,k1sft,18,0.5960615117244638,0.7447443400565456,0.393919536288982,0.39181437731504015,0.5001158398481709,0.1845852054070694
Qwen3-8B,f1_tuned,supcon,18,0.8502457452769006,0.3608107779308727,0.4189581316066917,0.4079744731279151,0.545568725804632,0.19576169182453787
Qwen3-8B,matched_retention,supcon,18,0.8504059587734345,0.3701499053889324,0.41466656822441017,0.42092753534520294,0.5212086651754877,0.18175532779355405
Qwen3-14B,f1_tuned,base,18,0.5439347995686779,0.7115211049416387,0.3309693905375431,0.3717545932621547,0.43371610090034207,0.2838907757767642
Qwen3-14B,matched_retention,base,18,0.3244460855405914,0.9345462217806256,0.3098280905454336,0.3924216771285816,0.3191138380515545,0.11031373876911327
Qwen3-14B,f1_tuned,k10sft,18,0.7562330460397545,0.5204874329354536,0.4364418829491243,0.4261630903822481,0.5377815607733243,0.21748694767947127
Qwen3-14B,matched_retention,k10sft,18,0.7606684633981294,0.5197107577805373,0.42542948377004886,0.42564048871461174,0.517166778354959,0.21012321184535357
Qwen3-14B,f1_tuned,k1sft,18,0.5994731147366762,0.7382515539093385,0.4093574968422218,0.41064165913189243,0.49391487435743087,0.2040062659307505
Qwen3-14B,matched_retention,k1sft,18,0.5994731147366762,0.7382515539093385,0.4093574968422218,0.41064165913189243,0.49391487435743087,0.2040062659307505
Qwen3-14B,f1_tuned,supcon,18,0.8475332980144632,0.3445868588035262,0.43245933756167154,0.40732776640997387,0.5696855168956844,0.24526140004491412
Qwen3-14B,matched_retention,supcon,18,0.8470210433335742,0.3446818730071617,0.42779961807688904,0.4260548018179247,0.5236467337578099,0.21804207615992183
Qwen3-32B,f1_tuned,base,18,0.44966193218302497,0.8540869155410464,0.377529368654695,0.3610627623036021,0.511498257977435,0.205049820369005
Qwen3-32B,matched_retention,base,18,0.41386124739915015,0.9125339731254726,0.37518308619686536,0.3645562847192916,0.5016647183560865,0.1752940940154309
Qwen3-32B,f1_tuned,k10sft,18,0.7484665698434305,0.5388255856153733,0.44113842922789254,0.4163677957182378,0.5872358770576558,0.194305343531687
Qwen3-32B,matched_retention,k10sft,18,0.7538967085539646,0.5332575117243405,0.441835075528365,0.42453333904145374,0.5797909746662572,0.19353143567212922
Qwen3-32B,f1_tuned,k1sft,18,0.5838114879308317,0.7371181036433629,0.41733817885436036,0.39903481417307624,0.5514470395564502,0.19122968526412293
Qwen3-32B,matched_retention,k1sft,18,0.5838114879308317,0.7371181036433629,0.41733817885436036,0.39903481417307624,0.5514470395564502,0.19122968526412293
Qwen3-32B,f1_tuned,supcon,18,0.8480371320304158,0.3613545226479555,0.43716972418405947,0.41124738458537136,0.5979705226701406,0.21316138769223225
Qwen3-32B,matched_retention,supcon,18,0.8480462338163544,0.36821687679934195,0.4363335195864628,0.42747334857449687,0.571358066521635,0.19571979752328167
Gemma-E2B,f1_tuned,base,18,0.45591603442571216,0.8816087266217171,0.3514957497423937,0.3401991423728959,0.48865399801200016,0.19375382327198376
Gemma-E2B,matched_retention,base,18,0.4415401585612559,0.8894597459801756,0.34281848764363704,0.31195563694425016,0.525884639199258,0.22719228173518438
Gemma-E2B,f1_tuned,k10sft,18,0.7389841059951494,0.5619724648931564,0.3909874308746624,0.36112068245825796,0.5573984785241431,0.21430691860176412
Gemma-E2B,matched_retention,k10sft,18,0.7389626397917199,0.5658288223242409,0.3870252172953999,0.3649684571363477,0.5578299042206817,0.21820311489989386
Gemma-E2B,f1_tuned,k1sft,18,0.6487574293166025,0.6863905373554275,0.38088252463157257,0.3581856774000032,0.5457468530884622,0.21490230586803602
Gemma-E2B,matched_retention,k1sft,18,0.6487574293166025,0.6863905373554275,0.38088252463157257,0.3581856774000032,0.5457468530884622,0.21490230586803602
Gemma-E2B,f1_tuned,supcon,18,0.8349150166018012,0.40949666290239933,0.3891518660596944,0.3710599221113056,0.5345237481637883,0.20738500468300777
Gemma-E2B,matched_retention,supcon,18,0.83447172166472,0.4060636648141907,0.38772425024336066,0.3736468727306632,0.542618089370262,0.21112843311139
Gemma-E4B,f1_tuned,base,18,0.4777208455611635,0.8671904842962183,0.3705924163476271,0.3615061950910579,0.5028658721632531,0.18182461679761458
Gemma-E4B,matched_retention,base,18,0.48658435612121764,0.8680331936602234,0.36372128422001315,0.33153439159094433,0.5331637244925409,0.2075230953516138
Gemma-E4B,f1_tuned,k10sft,18,0.7645551073488431,0.507798558659359,0.41356964169148863,0.37587209651759956,0.5985565885131576,0.22406745186667198
Gemma-E4B,matched_retention,k10sft,18,0.7681050862798333,0.5054296866764484,0.4192745160955906,0.39217011234805815,0.5775414514816558,0.20828598910579174
Gemma-E4B,f1_tuned,k1sft,18,0.7015298666455035,0.6059800712157153,0.41033059678511663,0.38719963326235596,0.5552183525205547,0.2059383594122034
Gemma-E4B,matched_retention,k1sft,18,0.7015298666455035,0.6059800712157153,0.41033059678511663,0.38719963326235596,0.5552183525205547,0.2059383594122034
Gemma-E4B,f1_tuned,supcon,18,0.8172920166354589,0.42019569310968646,0.4253774632809281,0.4046497258268509,0.5801615142165849,0.20733864451840134
Gemma-E4B,matched_retention,supcon,18,0.8216771566097268,0.41899051619408056,0.4252129724407721,0.4082877718168436,0.5689624578010316,0.20025157959392204
Gemma-26B-A4B MoE,f1_tuned,base,18,0.550577602203288,0.8024737227952143,0.402798914143377,0.41393722508777925,0.5303521779189212,0.16834491516774744
Gemma-26B-A4B MoE,matched_retention,base,18,0.5538460386138557,0.8027749642508931,0.4013112414591067,0.38128860166799794,0.5413505928740715,0.18213756517336255
Gemma-26B-A4B MoE,f1_tuned,k10sft,18,0.7836803681194031,0.4804037337960205,0.4504583540767963,0.42073070340540375,0.6018309227872507,0.20345607072895697
Gemma-26B-A4B MoE,matched_retention,k10sft,18,0.7843110045252282,0.4782691939038425,0.445970420811769,0.4144542881398117,0.6024301902437191,0.2071748589791495
Gemma-26B-A4B MoE,f1_tuned,k1sft,18,0.7362616154913975,0.5577083776432025,0.43907479471694455,0.40665533616034444,0.597084446136239,0.20717243173706656
Gemma-26B-A4B MoE,matched_retention,k1sft,18,0.7362616154913975,0.5577083776432025,0.43907479471694455,0.40665533616034444,0.597084446136239,0.20717243173706656
Gemma-26B-A4B MoE,f1_tuned,supcon,18,0.8419625022142838,0.38167049395906955,0.4483106285910772,0.40868991643195807,0.626160341827783,0.22204385068624027
Gemma-26B-A4B MoE,matched_retention,supcon,18,0.8349095399207229,0.39441581216761745,0.4464270583844767,0.42043613142675285,0.6062981625681616,0.21060436948379024
Gemma-31B,f1_tuned,base,18,0.5472512107916041,0.7782463679956763,0.3981594757655689,0.42719748459648044,0.48737297424434317,0.16495732668082688
Gemma-31B,matched_retention,base,18,0.4863111242111502,0.8470597871706088,0.39465125672583534,0.4056297971954841,0.5014305869233388,0.14956959312618442
Gemma-31B,f1_tuned,k10sft,18,0.7769019129434981,0.5002082545266333,0.4499090852929278,0.42557285839616277,0.5906399115460805,0.1976683267072451
Gemma-31B,matched_retention,k10sft,18,0.7752011253853968,0.5027753930789722,0.4484586090956252,0.42085541579461894,0.596708329888029,0.20207025449860413
Gemma-31B,f1_tuned,k1sft,18,0.6896753707070347,0.6231618981397018,0.43600952226632483,0.4098170689471201,0.581603558815091,0.20160788897128146
Gemma-31B,matched_retention,k1sft,18,0.6896753707070347,0.6231618981397018,0.43600952226632483,0.4098170689471201,0.581603558815091,0.20160788897128146
Gemma-31B,f1_tuned,supcon,18,0.825132347694018,0.4007023850985442,0.447668290613182,0.4071172268825513,0.6287637962867514,0.23263077987794795
Gemma-31B,matched_retention,supcon,18,0.8194070487808006,0.4167369747518484,0.4442397398819756,0.42335442806379375,0.5759260389644781,0.2021616308025277
Granite-3B,f1_tuned,base,18,0.44193052480754785,0.8859746206233634,0.3637828226690807,0.33198502088794013,0.5276060293792434,0.2106903195297475
Granite-3B,matched_retention,base,18,0.43363525626112004,0.8975690996257115,0.36406074127440696,0.3413590176999138,0.5163474748743737,0.19975804009223502
Granite-3B,f1_tuned,k10sft,18,0.7620524668154999,0.5123863587447236,0.40214777748655234,0.37466290303446487,0.5616747961672655,0.20694369831156972
Granite-3B,matched_retention,k10sft,18,0.766936385428048,0.5137965735269642,0.4014515380833968,0.38042274672919374,0.5434401800748806,0.199948238244545
Granite-3B,f1_tuned,k1sft,18,0.6783642557311267,0.6431971558573789,0.3977395256131737,0.37797789973280277,0.5345088242598712,0.19772986669855327
Granite-3B,matched_retention,k1sft,18,0.6783642557311267,0.6431971558573789,0.3977395256131737,0.37797789973280277,0.5345088242598712,0.19772986669855327
Granite-3B,f1_tuned,supcon,18,0.8526366203657316,0.367871819938353,0.41060484932737706,0.38027627816056986,0.5805727670462217,0.2241301004482804
Granite-3B,matched_retention,supcon,18,0.859931932885924,0.35896799686491976,0.4056056341780662,0.40037899365383,0.5385076195956907,0.1973432432603266
Granite-8B,f1_tuned,base,18,0.4759429619725867,0.869084668445089,0.3721603372222725,0.3619404467394592,0.5130961080716694,0.19085930545341803
Granite-8B,matched_retention,base,18,0.4830308987710453,0.8690118855795483,0.3664959930853948,0.3369094741637655,0.5420246254693031,0.21537974762324627
Granite-8B,f1_tuned,k10sft,18,0.791536158060423,0.468829777956583,0.41983570596185954,0.3963112772682517,0.5738015639472521,0.20747505758257254
Granite-8B,matched_retention,k10sft,18,0.7950986617748412,0.4595657953020768,0.42149401457149227,0.3947367533044025,0.5941207883264774,0.21919751596024442
Granite-8B,f1_tuned,k1sft,18,0.7274399798853217,0.566616369819804,0.41627166186125775,0.39442841987283195,0.5816041699812348,0.21783902987193976
Granite-8B,matched_retention,k1sft,18,0.7274399798853217,0.566616369819804,0.41627166186125775,0.39442841987283195,0.5816041699812348,0.21783902987193976
Granite-8B,f1_tuned,supcon,18,0.8642859236583876,0.32806387194469705,0.42105607575737664,0.3987662691454098,0.5864568201205835,0.2144398841623167
Granite-8B,matched_retention,supcon,18,0.8683713938189572,0.32131195752320063,0.4206867283775101,0.4010247202102318,0.5925804136659729,0.21888008752849683
Granite-30B,f1_tuned,base,18,0.480995179500172,0.8324032717015607,0.396151415069169,0.384797737453053,0.5272586876794914,0.1929978865666259
Granite-30B,matched_retention,base,18,0.4696015571150592,0.8733350738846952,0.3985929549898501,0.3923740819990015,0.5187280074323157,0.17058692790373334
Granite-30B,f1_tuned,k10sft,18,0.7843701123701041,0.4802204135500918,0.4442156653990174,0.41273750761315736,0.5965496852239021,0.20564799318043586
Granite-30B,matched_retention,k10sft,18,0.7864058990054756,0.48492036794580745,0.4433447042550378,0.42257084069404194,0.5803340713071851,0.19800037308913007
Granite-30B,f1_tuned,k1sft,18,0.6543203685126244,0.6637861108638166,0.4289266706797444,0.4072616130047631,0.5655066887264676,0.19797839794873992
Granite-30B,matched_retention,k1sft,18,0.6543203685126244,0.6637861108638166,0.4289266706797444,0.4072616130047631,0.5655066887264676,0.19797839794873992
Granite-30B,f1_tuned,supcon,18,0.8699200735390651,0.3279866876926041,0.44147041374425505,0.4221205085680441,0.5861648023392992,0.20297446420137774
Granite-30B,matched_retention,supcon,18,0.8732988153914403,0.3244058084868977,0.443198344765246,0.4348962208366483,0.5673319456772754,0.19154962709225418
