model,protocol,metric,estimate,ci95_low,ci95_high,directional_wins,n_collections
Qwen3-1.7B,f1_tuned,jaccard,0.36859004680474106,0.298278114921028,0.42286432278519176,17,18
Qwen3-1.7B,f1_tuned,set_flip_10_order_only,-0.391155600197826,-0.45394265709665843,-0.3014290199681209,17,18
Qwen3-1.7B,f1_tuned,f1,0.058833966709994585,0.04501687773987192,0.07262676019968851,,18
Qwen3-1.7B,f1_tuned,precision,0.05815609272061457,0.036115570774690006,0.08026430085412192,,18
Qwen3-1.7B,f1_tuned,recall,0.06769961427689646,0.020266030598109965,0.11028407762211687,,18
Qwen3-1.7B,f1_tuned,retention,-0.014743374385532157,-0.0704209892943581,0.03009065354943801,,18
Qwen3-1.7B,matched_retention,jaccard,0.37864466737405045,0.32021467109131807,0.4258900205218157,17,18
Qwen3-1.7B,matched_retention,set_flip_10_order_only,-0.39423581879439207,-0.44470477581608936,-0.33241013622748955,17,18
Qwen3-1.7B,matched_retention,f1,0.046525968611642994,0.03174634343588803,0.06188753118120171,,18
Qwen3-1.7B,matched_retention,precision,0.05840318946933435,0.04231265163538832,0.07482277855497034,,18
Qwen3-1.7B,matched_retention,recall,0.04993879402999582,0.027606063184750045,0.07013533773001292,,18
Qwen3-1.7B,matched_retention,retention,-0.009387941609085914,-0.019187405839763503,0.0004161882705355761,,18
Qwen3-4B,f1_tuned,jaccard,0.1690331606532441,0.15177324563496425,0.18627438201312568,18,18
Qwen3-4B,f1_tuned,set_flip_10_order_only,-0.27518323258189065,-0.29776074357302124,-0.2504268519019524,18,18
Qwen3-4B,f1_tuned,f1,0.0015959257474465918,-0.00623480635485789,0.009264737255341488,,18
Qwen3-4B,f1_tuned,precision,0.009402391504351173,-0.01117385625264961,0.03127476534985405,,18
Qwen3-4B,f1_tuned,recall,-0.00707539470799919,-0.05112461082239407,0.03164944462949102,,18
Qwen3-4B,f1_tuned,retention,0.0019097749266034142,-0.021358873554370356,0.02429757621087426,,18
Qwen3-4B,matched_retention,jaccard,0.17310366096537227,0.15945971090159264,0.18702113849934435,18,18
Qwen3-4B,matched_retention,set_flip_10_order_only,-0.27509359732434896,-0.2934903736945474,-0.25435172009349905,18,18
Qwen3-4B,matched_retention,f1,0.0023172236106558217,-0.005285623911714406,0.009463643121101753,,18
Qwen3-4B,matched_retention,precision,0.009699961437308625,-0.0009197138394692809,0.02108893329109674,,18
Qwen3-4B,matched_retention,recall,0.0006435042812690898,-0.014430636207922128,0.014104046069212417,,18
Qwen3-4B,matched_retention,retention,0.002290425732812346,-0.004853557258521524,0.009798853988168654,,18
Qwen3-8B,f1_tuned,jaccard,0.25418423355243674,0.23283576283037288,0.27404970197814427,18,18
Qwen3-8B,f1_tuned,set_flip_10_order_only,-0.38393356212567276,-0.41480520184015746,-0.349550227924289,18,18
Qwen3-8B,f1_tuned,f1,0.02503859531770973,0.014649864628295308,0.03615941945771284,,18
Qwen3-8B,f1_tuned,precision,0.016160095812875017,0.0012071015556033532,0.03139433446236697,,18
Qwen3-8B,f1_tuned,recall,0.04545288595646116,0.02388981962380855,0.06821092046359081,,18
Qwen3-8B,f1_tuned,retention,0.011176486417468462,-0.0032304725896187686,0.024980089862179446,,18
Qwen3-8B,matched_retention,jaccard,0.2543444470489706,0.2338502547311,0.27365582368035224,18,18
Qwen3-8B,matched_retention,set_flip_10_order_only,-0.374594434667613,-0.40731928210797985,-0.33990960398992504,18,18
Qwen3-8B,matched_retention,f1,0.020747031935428165,0.010620330556076594,0.03139931111686381,,18
Qwen3-8B,matched_retention,precision,0.029113158030162862,0.01650117759634874,0.04097529171213558,,18
Qwen3-8B,matched_retention,recall,0.021092825327316912,0.006379674605592228,0.03551454675262201,,18
Qwen3-8B,matched_retention,retention,-0.002829877613515367,-0.013288492291251218,0.00739997147069229,,18
Qwen3-14B,f1_tuned,jaccard,0.2480601832777871,0.2098097870556185,0.282393000711219,18,18
Qwen3-14B,f1_tuned,set_flip_10_order_only,-0.39366469510581237,-0.4291579116804918,-0.3561772969434399,18,18
Qwen3-14B,f1_tuned,f1,0.02310184071944979,0.01062711493544672,0.03664575238948759,,18
Qwen3-14B,f1_tuned,precision,-0.0033138927219184978,-0.02259817594169599,0.01694373659183092,,18
Qwen3-14B,f1_tuned,recall,0.07577064253825343,0.03462932090842407,0.11733339424422269,,18
Qwen3-14B,f1_tuned,retention,0.04125513411416362,0.012524944077539445,0.0695820944059981,,18
Qwen3-14B,matched_retention,jaccard,0.24754792859689795,0.21452540665079822,0.27564847249705665,18,18
Qwen3-14B,matched_retention,set_flip_10_order_only,-0.3935696809021769,-0.4222191177107836,-0.36029358027286046,18,18
Qwen3-14B,matched_retention,f1,0.018442121234667288,0.0072363880067342875,0.029569162437562888,,18
Qwen3-14B,matched_retention,precision,0.015413142686032298,0.004155178076583818,0.02629529968846116,,18
Qwen3-14B,matched_retention,recall,0.029731859400378924,0.00977533588956062,0.05047216607042346,,18
Qwen3-14B,matched_retention,retention,0.014035810229171306,-0.001806203539418764,0.03289354414593095,,18
Qwen3-32B,f1_tuned,jaccard,0.26422564409958404,0.23655965277760174,0.2918418366599873,18,18
Qwen3-32B,f1_tuned,set_flip_10_order_only,-0.37576358099540746,-0.4130982511837436,-0.3394925467890473,18,18
Qwen3-32B,f1_tuned,f1,0.019831545329699145,0.010107839016783004,0.028656887146374117,,18
Qwen3-32B,f1_tuned,precision,0.012212570412295133,-0.002263716737833223,0.028009275714820207,,18
Qwen3-32B,f1_tuned,recall,0.046523483113690395,0.018913126883158472,0.07388390390415984,,18
Qwen3-32B,f1_tuned,retention,0.021931702428109323,0.004435536237207668,0.04055831934760526,,18
Qwen3-32B,matched_retention,jaccard,0.26423474588552254,0.2404060161043689,0.28937015255716597,18,18
Qwen3-32B,matched_retention,set_flip_10_order_only,-0.368901226844021,-0.40057203892021626,-0.3397155655584024,18,18
Qwen3-32B,matched_retention,f1,0.018995340732102566,0.009264002361759442,0.028012530340902682,,18
Qwen3-32B,matched_retention,precision,0.028438534401420634,0.01698627182026805,0.03998865877882045,,18
Qwen3-32B,matched_retention,recall,0.019911026965184882,0.002021811738040368,0.035566434478465685,,18
Qwen3-32B,matched_retention,retention,0.004490112259158742,-0.005507747151518911,0.014855206149189747,,18
Gemma-E2B,f1_tuned,jaccard,0.18615758728519863,0.17259299998446778,0.2013022982277305,18,18
Gemma-E2B,f1_tuned,set_flip_10_order_only,-0.2768938744530281,-0.2927878158972585,-0.2611128248228387,18,18
Gemma-E2B,f1_tuned,f1,0.008269341428121814,-0.0026358743768715143,0.019345254663601465,,18
Gemma-E2B,f1_tuned,precision,0.01287424471130244,-0.004829376536488125,0.029968764418381474,,18
Gemma-E2B,f1_tuned,recall,-0.011223104924673722,-0.048332887157622656,0.025789435508297275,,18
Gemma-E2B,f1_tuned,retention,-0.007517301185028237,-0.03601579061791352,0.021725452328928835,,18
Gemma-E2B,matched_retention,jaccard,0.18571429234811734,0.17440154651122586,0.19853733748539737,18,18
Gemma-E2B,matched_retention,set_flip_10_order_only,-0.2803268725412368,-0.2974262869114445,-0.26365482785677824,18,18
Gemma-E2B,matched_retention,f1,0.006841725611788159,0.0014817598526712368,0.012851599849648,,18
Gemma-E2B,matched_retention,precision,0.015461195330660059,0.0070868327380572225,0.0241588750096314,,18
Gemma-E2B,matched_retention,recall,-0.0031287637182000772,-0.01616858965355684,0.010187554790430363,,18
Gemma-E2B,matched_retention,retention,-0.0037738727566459995,-0.011232438400120436,0.0038028792161368995,,18
Gemma-E4B,f1_tuned,jaccard,0.11576214998995536,0.09989295089550283,0.13074837841402598,18,18
Gemma-E4B,f1_tuned,set_flip_10_order_only,-0.18578437810602877,-0.2064385511861192,-0.16544611095195352,18,18
Gemma-E4B,f1_tuned,f1,0.015046866495811599,0.007735188070299199,0.022439948565211094,,18
Gemma-E4B,f1_tuned,precision,0.017450092564495007,0.0028417525383639384,0.03295190682444941,,18
Gemma-E4B,f1_tuned,recall,0.02494316169603036,0.0024669782720756475,0.048015250049149284,,18
Gemma-E4B,f1_tuned,retention,0.001400285106197928,-0.013144215475720615,0.015838364359864052,,18
Gemma-E4B,matched_retention,jaccard,0.1201472899642234,0.10688681077505324,0.13350119995928572,18,18
Gemma-E4B,matched_retention,set_flip_10_order_only,-0.1869895550216347,-0.2071481775066359,-0.16758424949407802,18,18
Gemma-E4B,matched_retention,f1,0.014882375655655512,0.00693848081140213,0.023051089700692882,,18
Gemma-E4B,matched_retention,precision,0.021088138554487667,0.012479612093149902,0.029281010684912734,,18
Gemma-E4B,matched_retention,recall,0.013744105280476891,-0.004729287202237275,0.03395599467776563,,18
Gemma-E4B,matched_retention,retention,-0.005686779818281359,-0.013259546895705852,0.001208431888648332,,18
Gemma-26B-A4B MoE,f1_tuned,jaccard,0.10570088672288659,0.08499644614467927,0.13458656352160556,18,18
Gemma-26B-A4B MoE,f1_tuned,set_flip_10_order_only,-0.17603788368413306,-0.21404811426128875,-0.14675751713576093,18,18
Gemma-26B-A4B MoE,f1_tuned,f1,0.009235833874132635,-0.002186751384128957,0.021272304345385868,,18
Gemma-26B-A4B MoE,f1_tuned,precision,0.002034580271613614,-0.01051759469485776,0.014792758174710966,,18
Gemma-26B-A4B MoE,f1_tuned,recall,0.02907589569154418,-0.006080790237575463,0.06699835556619839,,18
Gemma-26B-A4B MoE,f1_tuned,retention,0.014871418949173721,-0.0043956090297527775,0.03620564197583452,,18
Gemma-26B-A4B MoE,matched_retention,jaccard,0.09864792442932552,0.08580100522226579,0.11427916958064509,18,18
Gemma-26B-A4B MoE,matched_retention,set_flip_10_order_only,-0.16329256547558513,-0.1801893325223521,-0.14815301289974225,18,18
Gemma-26B-A4B MoE,matched_retention,f1,0.007352263667532154,-0.001053695521966335,0.01578034214346606,,18
Gemma-26B-A4B MoE,matched_retention,precision,0.01378079526640837,0.0065748211481984516,0.021582559181435267,,18
Gemma-26B-A4B MoE,matched_retention,recall,0.009213716431922694,-0.003933396142189101,0.022946744689921632,,18
Gemma-26B-A4B MoE,matched_retention,retention,0.003431937746723688,-0.0014432176617157507,0.008906256574620722,,18
Gemma-31B,f1_tuned,jaccard,0.1354569769869832,0.0883502642679615,0.18208778617620394,17,18
Gemma-31B,f1_tuned,set_flip_10_order_only,-0.2224595130411576,-0.2802598317983007,-0.16671577441754284,17,18
Gemma-31B,f1_tuned,f1,0.011658768346857215,-0.004319001408347461,0.027315925134892824,,18
Gemma-31B,f1_tuned,precision,-0.0026998420645687454,-0.019376139043481868,0.015078861162337543,,18
Gemma-31B,f1_tuned,recall,0.04716023747166049,0.015556642992672141,0.08512821660802934,,18
Gemma-31B,f1_tuned,retention,0.031022890906666482,0.0037812043571377988,0.06415908831664038,,18
Gemma-31B,matched_retention,jaccard,0.12973167807376598,0.08499510044717662,0.16494396603650166,17,18
Gemma-31B,matched_retention,set_flip_10_order_only,-0.20642492338785337,-0.2503389624961864,-0.15587646101110397,17,18
Gemma-31B,matched_retention,f1,0.008230217615650813,-0.008542350829004178,0.02308878823631309,,18
Gemma-31B,matched_retention,precision,0.013537359116673633,-0.0010199724842394197,0.027852922441141403,,18
Gemma-31B,matched_retention,recall,-0.0056775198506127805,-0.036507589948473015,0.016872385430917118,,18
Gemma-31B,matched_retention,retention,0.0005537418312462677,-0.005995259257790237,0.006828778676224953,,18
Granite-3B,f1_tuned,jaccard,0.1742723646346048,0.14856850140706523,0.20174813105602274,18,18
Granite-3B,f1_tuned,set_flip_10_order_only,-0.27532533591902597,-0.3000618317529727,-0.24726432953604802,18,18
Granite-3B,f1_tuned,f1,0.012865323714203373,0.005090228678564122,0.02098406032709849,,18
Granite-3B,f1_tuned,precision,0.002298378427767016,-0.009006115259777688,0.014082554556807,,18
Granite-3B,f1_tuned,recall,0.046063942786350474,0.025977680703417556,0.06543806014996964,,18
Granite-3B,f1_tuned,retention,0.026400233749727157,0.010896800984529328,0.04229897086155849,,18
Granite-3B,matched_retention,jaccard,0.18156767715479705,0.15862428834810696,0.20799718090434374,18,18
Granite-3B,matched_retention,set_flip_10_order_only,-0.2842291589924592,-0.30506978983566774,-0.26386503876020406,18,18
Granite-3B,matched_retention,f1,0.007866108564892458,-0.0018572519551024263,0.017489537566249304,,18
Granite-3B,matched_retention,precision,0.0224010939210272,0.014239716876960127,0.030375641624734984,,18
Granite-3B,matched_retention,recall,0.003998795335819243,-0.01544678733922559,0.027779732947558047,,18
Granite-3B,matched_retention,retention,-0.0003866234382266581,-0.004742924271260375,0.004250013320087698,,18
Granite-8B,f1_tuned,jaccard,0.13684594377306597,0.12283464193262003,0.152182694945448,18,18
Granite-8B,f1_tuned,set_flip_10_order_only,-0.2385524978751069,-0.24877926645454032,-0.22831098345984496,18,18
Granite-8B,f1_tuned,f1,0.004784413896118839,-0.0013572087719329745,0.011149053566199394,,18
Granite-8B,f1_tuned,precision,0.00433784927257779,-0.006342275790035063,0.01601615530799086,,18
Granite-8B,f1_tuned,recall,0.004852650139348818,-0.03149167377767749,0.032391740172714345,,18
Granite-8B,f1_tuned,retention,-0.003399145709623042,-0.029965908541083507,0.014689556534809248,,18
Granite-8B,matched_retention,jaccard,0.1409314139336354,0.12653620490912645,0.1577213073072336,18,18
Granite-8B,matched_retention,set_flip_10_order_only,-0.24530441229660324,-0.2584444720170972,-0.23287457859926952,18,18
Granite-8B,matched_retention,f1,0.004415066516252359,-0.0014994477608781876,0.010850269472923613,,18
Granite-8B,matched_retention,precision,0.006596300337399819,-0.001925878441335848,0.014682462521233246,,18
Granite-8B,matched_retention,recall,0.010976243684738311,-0.002993595132670485,0.029596938437688406,,18
Granite-8B,matched_retention,retention,0.0010410576565570613,-0.005382286923280104,0.007396491402205334,,18
Granite-30B,f1_tuned,jaccard,0.2155997050264407,0.1970953309905984,0.234845455877511,18,18
Granite-30B,f1_tuned,set_flip_10_order_only,-0.3357994231712126,-0.3564937973368468,-0.3145269319274064,18,18
Granite-30B,f1_tuned,f1,0.012543743064510704,0.0015213087054643387,0.021981618595248574,,18
Granite-30B,f1_tuned,precision,0.014858895563280997,-0.002352205947286373,0.03096752439504522,,18
Granite-30B,f1_tuned,recall,0.02065811361283172,-0.004109099968849269,0.04639243021983243,,18
Granite-30B,f1_tuned,retention,0.004996066252637814,-0.013818076928778348,0.026843750299642585,,18
Granite-30B,matched_retention,jaccard,0.2189784468788159,0.19859862767480602,0.24258824631464768,18,18
Granite-30B,matched_retention,set_flip_10_order_only,-0.3393803023769191,-0.36924977373147744,-0.3122954519420854,18,18
Granite-30B,matched_retention,f1,0.014271674085501587,0.00753623583416244,0.021833324571221162,,18
Granite-30B,matched_retention,precision,0.027634607831885212,0.017830604644467268,0.03752217434413078,,18
Granite-30B,matched_retention,recall,0.0018252569508078558,-0.008156706511208594,0.012157706698506958,,18
Granite-30B,matched_retention,retention,-0.006428770856485738,-0.012152356798011223,-0.0010651240850361873,,18
